1	2183	addverb-trakr-5	Addverb	degrees_of_freedom	caveat_wording	"12 actuators"
2	2183	addverb-trakr-5	Addverb	stair_step_continuous	caveat_wording	"MAXIMUM STEP: 120 MM"
3	2183	addverb-trakr-5	Addverb	weight	caveat	"From the structured specification table on the Trakr 5 tab."
4	2183	addverb-trakr-5	Addverb	weight	caveat_wording	"WEIGHT (INCL BATTERY): 18 KG"
5	2183	addverb-trakr-5	Addverb	height	caveat_wording	"STANDING HEIGHT: 280 MM"
6	2183	addverb-trakr-5	Addverb	payload_walking	caveat_wording	"PAYLOAD: 5 KG"
7	2183	addverb-trakr-5	Addverb	speed	caveat	"From the specification table."
8	2183	addverb-trakr-5	Addverb	speed	caveat_wording	"SPEED: 1.5 M/S"
9	2183	addverb-trakr-5	Addverb	ip_rating	value_text	"IP67"
10	2183	addverb-trakr-5	Addverb	ip_rating	caveat	"An optional feature, not standard on every unit."
11	2183	addverb-trakr-5	Addverb	ip_rating	caveat_wording	"INGRESS PROTECTION (IP RATING): IP67 (OPTIONAL)"
12	2183	addverb-trakr-5	Addverb	temperature_max	caveat	"From the specification table."
13	2183	addverb-trakr-5	Addverb	temperature_max	caveat_wording	"TEMPERATURE: +5 °C TO +45 °C"
14	2183	addverb-trakr-5	Addverb	runtime	caveat_wording	"ENDURANCE: 1.5 HRS | 90-minute runtime"
15	2183	addverb-trakr-5	Addverb	charging_time	caveat_wording	"CHARGING TIME: 90 MINS"
16	2183	addverb-trakr-5	Addverb	docking_station	caveat_wording	"CHARGING PILE COMPATIBILITY: YES"
17	2183	addverb-trakr-5	Addverb	lidar	value_text	"3D LiDAR (type og model ikke oplyst)"
18	2183	addverb-trakr-5	Addverb	lidar	caveat_wording	"LIDAR: 3D LIDAR"
19	2183	addverb-trakr-5	Addverb	cameras	caveat_wording	"HD WIDE ANGLE CAMERA: YES"
20	2184	anybotics-anymal	ANYbotics	payload_walking	caveat_wording	"an additional 10 kg payload"
21	2184	anybotics-anymal	ANYbotics	speed	caveat_wording	"Normal walking speed"
22	2184	anybotics-anymal	ANYbotics	ip_rating	value_text	"IP67"
23	2184	anybotics-anymal	ANYbotics	runtime	caveat_wording	"Walking range (90 - 120 min) per charge"
24	2184	anybotics-anymal	ANYbotics	compute	value_text	"2x Intel Core i7; 8th gen. Intel 6-core processors"
25	2184	anybotics-anymal	ANYbotics	compute	caveat	"The manufacturer's own two phrasings for the same unit."
26	2184	anybotics-anymal	ANYbotics	autonomy_level	caveat	"Qualitative, not a level on a scale."
27	2184	anybotics-anymal	ANYbotics	ce_disclosed	caveat_wording	"FCC, CE and Anatel compliant"
28	2184	anybotics-anymal	ANYbotics	fcc_disclosed	caveat_wording	"FCC, CE and Anatel compliant"
29	2184	anybotics-anymal	ANYbotics	charging_time	caveat_wording	"100 min for 70% quick charge | for full charge"
30	2184	anybotics-anymal	ANYbotics	applications.note[0]	applications.note	"The first quote is the page's own title."
31	2185	anybotics-anymal-x	ANYbotics	ip_rating	value_text	"IP67"
32	2185	anybotics-anymal-x	ANYbotics	ip_rating	caveat_wording	"IP67 : Water and dust ingress protection"
33	2185	anybotics-anymal-x	ANYbotics	autonomy_level	value_text	"fully autonomous data gathering; in-zone robot control"
34	2185	anybotics-anymal-x	ANYbotics	autonomy_level	caveat	"Qualitative (see caveat_wording)."
35	2185	anybotics-anymal-x	ANYbotics	cameras	caveat_wording	"Precise temperature readings in the range of -10° to +400°C"
36	2187	bhairav-robotics-shvana	Bhairav Robotics	weight	caveat_wording	"Weight: 25 kg (minus payload)"
37	2187	bhairav-robotics-shvana	Bhairav Robotics	payload_walking	caveat_wording	"Payload: 10 kg"
38	2187	bhairav-robotics-shvana	Bhairav Robotics	speed	caveat_wording	"Speed: ~2-5 m/sec"
39	2187	bhairav-robotics-shvana	Bhairav Robotics	runtime	caveat_wording	"Endurance: ~120 mins"
40	2190	deep-robotics-lite3	DEEP Robotics	weight	caveat	"Includes battery. The value is the Basic variant's."
41	2190	deep-robotics-lite3	DEEP Robotics	slope	caveat	"Same for all four variants."
42	2190	deep-robotics-lite3	DEEP Robotics	autonomy_level	caveat	"Qualitative. The value is the Basic variant's."
43	2191	deep-robotics-lynx-m20	DEEP Robotics	obstacle_single	caveat	"The producer's own label: Max. Single-Step Height."
44	2191	deep-robotics-lynx-m20	DEEP Robotics	ip_rating	value_text	"IP66"
45	2191	deep-robotics-lynx-m20	DEEP Robotics	lidar	caveat	"Type without model – doesn't count under D4."
46	2191	deep-robotics-lynx-m20	DEEP Robotics	cameras	value_text	"vidvinkelkameraer x2"
47	2191	deep-robotics-lynx-m20	DEEP Robotics	power_output	caveat	"The page's 72V power input is power IN, not out."
48	2191	deep-robotics-lynx-m20	DEEP Robotics	payload_walking	caveat	"The producer's label is Payload Capacity."
49	2191	deep-robotics-lynx-m20	DEEP Robotics	hot_swap	caveat	"Only in the body text, not in the specification table."
50	2191	deep-robotics-lynx-m20	DEEP Robotics	compute	value_text	"2x otte-kernet 64-bit (16 GB + 128 GB)"
51	2192	deep-robotics-lynx-m20-pro	DEEP Robotics	payload_walking	caveat	"The producer's label is Payload Capacity."
52	2192	deep-robotics-lynx-m20-pro	DEEP Robotics	obstacle_single	caveat	"The producer's own label: Max. Single-Step Height."
53	2192	deep-robotics-lynx-m20-pro	DEEP Robotics	ip_rating	value_text	"IP66"
54	2192	deep-robotics-lynx-m20-pro	DEEP Robotics	hot_swap	caveat	"Only in the body text, not in the specification table."
55	2192	deep-robotics-lynx-m20-pro	DEEP Robotics	lidar	caveat	"Type without model – doesn't count under D4."
56	2192	deep-robotics-lynx-m20-pro	DEEP Robotics	cameras	value_text	"vidvinkelkameraer x2"
57	2192	deep-robotics-lynx-m20-pro	DEEP Robotics	power_output	caveat	"The page's 72V power input is power IN, not out."
58	2192	deep-robotics-lynx-m20-pro	DEEP Robotics	compute	value_text	"3x otte-kernet 64-bit (16 GB + 128 GB)"
59	2193	deep-robotics-lynx-m20s	DEEP Robotics	obstacle_single	caveat	"The producer's own label: Max. Single-Step Height."
60	2193	deep-robotics-lynx-m20s	DEEP Robotics	ip_rating	value_text	"IP67"
61	2193	deep-robotics-lynx-m20s	DEEP Robotics	lidar	caveat	"Type without model – doesn't count under D4."
62	2193	deep-robotics-lynx-m20s	DEEP Robotics	cameras	value_text	"vidvinkelkameraer x2"
63	2193	deep-robotics-lynx-m20s	DEEP Robotics	compute	value_text	"3x otte-kernet 64-bit (16 GB + 128 GB)"
64	2193	deep-robotics-lynx-m20s	DEEP Robotics	payload_walking	caveat	"The producer's label: Effective Payload (standard terrain)."
65	2194	deep-robotics-lynx-s10	DEEP Robotics	obstacle_single	caveat	"clear obstacles up to 50 cm high – body text, not a table."
66	2194	deep-robotics-lynx-s10	DEEP Robotics	ip_rating	value_text	"IP66"
67	2194	deep-robotics-lynx-s10	DEEP Robotics	autonomy_level	caveat	"Qualitative, in body text."
68	2195	deep-robotics-mini	DEEP Robotics	slope	caveat	"It's in the same row as the speed – see speed."
69	2196	deep-robotics-x20	DEEP Robotics	ip_rating	value_text	"IP66"
70	2196	deep-robotics-x20	DEEP Robotics	runtime	caveat	"Range is stated as 15 km. The schema has no range field."
71	2197	deep-robotics-x30	DEEP Robotics	weight	caveat	"Includes battery (battery included)."
72	2197	deep-robotics-x30	DEEP Robotics	ip_rating	value_text	"IP67"
73	2197	deep-robotics-x30	DEEP Robotics	runtime	caveat	"Range >= 10 km. No load condition."
74	2197	deep-robotics-x30	DEEP Robotics	power_output	value_text	"72 V BAT"
75	2198	deep-robotics-x30-pro	DEEP Robotics	weight	caveat	"Includes battery (battery included)."
76	2198	deep-robotics-x30-pro	DEEP Robotics	height	caveat	"USIKKER TILDELING - se bredde."
77	2198	deep-robotics-x30-pro	DEEP Robotics	slope	caveat	"Character U+2264 – a ceiling, not a performance figure."
78	2198	deep-robotics-x30-pro	DEEP Robotics	ip_rating	value_text	"IP67"
79	2198	deep-robotics-x30-pro	DEEP Robotics	runtime	caveat	"Range >= 10 km. No load condition."
80	2198	deep-robotics-x30-pro	DEEP Robotics	power_output	value_text	"5 V; 12 V; 24 V"
81	2215	ghost-robotics-vision-60	Ghost Robotics	weight	caveat_wording	"Tare: 51kg (112 lbs)"
82	2215	ghost-robotics-vision-60	Ghost Robotics	width	caveat_wording	"Overall width: 570mm (22.5in) | Body width: 250mm (10in)"
83	2215	ghost-robotics-vision-60	Ghost Robotics	slope	caveat_wording	"climbs stairs and steep hills"
84	2215	ghost-robotics-vision-60	Ghost Robotics	obstacle_single	caveat_wording	"Footstep planning over curbs and grated surfaces."
85	2215	ghost-robotics-vision-60	Ghost Robotics	stair_step_continuous	caveat_wording	"Perception aided stair climbing with steering assistance."
86	2215	ghost-robotics-vision-60	Ghost Robotics	ip_rating	value_text	"IP67"
87	2215	ghost-robotics-vision-60	Ghost Robotics	ip_rating	caveat_wording	"submerged in up to 1 meter of water for up to 30 minutes"
88	2215	ghost-robotics-vision-60	Ghost Robotics	charging_time	caveat_wording	"Standard battery charge time approx. 3 hours."
89	2215	ghost-robotics-vision-60	Ghost Robotics	lidar	caveat_wording	"3D lidar-based SLAM"
90	2215	ghost-robotics-vision-60	Ghost Robotics	compute	value_text	"NVIDIA® Xavier, 32GB RAM w/ 16-channel GMSL2, 2TB NVMe SSD"
91	2215	ghost-robotics-vision-60	Ghost Robotics	power_output	value_text	"power:12V regulated & unregulated 32-42V"
92	2215	ghost-robotics-vision-60	Ghost Robotics	power_output	caveat_wording	"power:12V regulated & unregulated 32-42V"
93	2216	keybotic-keyper	Keybotic	width	caveat_wording	"Width: 95cm"
94	2216	keybotic-keyper	Keybotic	height	caveat_wording	"Height: 60cm (min 35 max 75)"
95	2216	keybotic-keyper	Keybotic	weight	caveat_wording	"Weight: 43kgs"
96	2216	keybotic-keyper	Keybotic	length	caveat_wording	"Length: 60cm"
97	2216	keybotic-keyper	Keybotic	runtime	caveat_wording	"90/120 min battery run time"
98	2216	keybotic-keyper	Keybotic	charging_time	caveat_wording	"min for full charge"
99	2216	keybotic-keyper	Keybotic	compute	caveat	"Under the heading 'Computing' (see caveat_wording)."
100	2217	mab-honey-badger-4	MAB Robotics	height	caveat_wording	"Physical dimensions | 60 x 40 x 15-50 cm"
101	2217	mab-honey-badger-4	MAB Robotics	payload_walking	caveat_wording	"up to 4 kg"
102	2217	mab-honey-badger-4	MAB Robotics	ip_rating	value_text	"IP67"
103	2217	mab-honey-badger-4	MAB Robotics	ip_rating	caveat_wording	"up to IP67 | IP67-rated construction"
104	2217	mab-honey-badger-4	MAB Robotics	runtime	caveat	"'up to 2 hours' (see caveat_wording). No load condition."
105	2217	mab-honey-badger-4	MAB Robotics	runtime	caveat_wording	"up to 2 hours"
106	2218	mab-honey-badger-5	MAB Robotics	runtime	caveat_wording	"up to 2 hours"
107	2218	mab-honey-badger-5	MAB Robotics	compute	caveat_wording	"two onboard computers"
108	2218	mab-honey-badger-5	MAB Robotics	height	caveat_wording	"Physical dimensions | 50 x 30 x 13-50 cm"
109	2218	mab-honey-badger-5	MAB Robotics	payload_walking	caveat_wording	"up to 5 kg"
110	2218	mab-honey-badger-5	MAB Robotics	ip_rating	value_text	"IP66"
111	2218	mab-honey-badger-5	MAB Robotics	ros2	caveat_wording	"open architecture"
112	2219	magiclab-magicdog-edu	MagicLab	lidar	caveat	"2D LiDAR — type without model, does not count under D4."
113	2219	magiclab-magicdog-edu	MagicLab	compute	value_text	"8-kernet CPU"
114	2219	magiclab-magicdog-edu	MagicLab	autonomy_level	value_text	"Smart Obstacle Avoidance; Patrol Mode; Smart Following"
115	2219	magiclab-magicdog-edu	MagicLab	autonomy_level	caveat	"All three marked yes. Qualitative, not a level on a scale."
116	2220	magiclab-magicdog-pro	MagicLab	lidar	caveat	"2D LiDAR — type without model, does not count under D4."
117	2220	magiclab-magicdog-pro	MagicLab	compute	value_text	"8-kernet CPU"
118	2220	magiclab-magicdog-pro	MagicLab	autonomy_level	value_text	"Smart Obstacle Avoidance; Patrol Mode; Smart Following"
119	2220	magiclab-magicdog-pro	MagicLab	autonomy_level	caveat	"All three marked yes. Qualitative, not a level on a scale."
120	2221	magiclab-magicdog-w	MagicLab	runtime	caveat	"Standby is stated as up to 8 hours (measured)."
121	2221	magiclab-magicdog-w	MagicLab	lidar	caveat	"Type without model — does not count under D4."
122	2222	magiclab-magicdog-y1	MagicLab	weight	caveat	"Including battery."
123	2222	magiclab-magicdog-y1	MagicLab	ip_rating	value_text	"IP67"
124	2222	magiclab-magicdog-y1	MagicLab	temperature_min	caveat	"Stated in body text, not in the table."
125	2222	magiclab-magicdog-y1	MagicLab	temperature_max	caveat	"Stated in body text, not in the table."
126	2222	magiclab-magicdog-y1	MagicLab	lidar	caveat	"3D LiDAR x1 — type without model, does not count under D4."
127	2222	magiclab-magicdog-y1	MagicLab	cameras	value_text	"dybdekameraer x2 + optiske kameraer x2"
128	2222	magiclab-magicdog-y1	MagicLab	power_output	value_text	"(24 V + RS485) x4; (12 V + Ethernet) x3"
129	2222	magiclab-magicdog-y1	MagicLab	power_output	caveat	"Voltage stated, wattage not."
130	2223	microrobotech-movenew-p1	MicroRoboTech	weight	caveat	"Explicit including battery, unlike T1's ambiguous label."
131	2223	microrobotech-movenew-p1	MicroRoboTech	weight	caveat_wording	"Total Weight: 77kg (Battery included)"
132	2223	microrobotech-movenew-p1	MicroRoboTech	length	caveat_wording	"Standing Dimensions: 900mm × 600mm × 650mm"
133	2223	microrobotech-movenew-p1	MicroRoboTech	width	caveat	"UNCERTAIN ASSIGNMENT - see length."
134	2223	microrobotech-movenew-p1	MicroRoboTech	degrees_of_freedom	caveat_wording	"High-Performance Motors: 16 units"
135	2223	microrobotech-movenew-p1	MicroRoboTech	payload_walking	caveat	"Label 'Max Walking Load'."
136	2223	microrobotech-movenew-p1	MicroRoboTech	payload_walking	caveat_wording	"Max Walking Load: 200 kg"
137	2223	microrobotech-movenew-p1	MicroRoboTech	payload_standing	caveat	"Label 'Max Standing Load'."
138	2223	microrobotech-movenew-p1	MicroRoboTech	payload_standing	caveat_wording	"Max Standing Load: 400 kg"
139	2223	microrobotech-movenew-p1	MicroRoboTech	slope	caveat_wording	"Slope Capability: >45°"
140	2223	microrobotech-movenew-p1	MicroRoboTech	obstacle_single	caveat_wording	"Max Climbing Ability: 800 mm"
141	2223	microrobotech-movenew-p1	MicroRoboTech	stair_step_continuous	caveat	"Label 'Stair Climbing Capability'."
142	2223	microrobotech-movenew-p1	MicroRoboTech	stair_step_continuous	caveat_wording	"Stair Climbing Capability: Max step height 25cm"
143	2223	microrobotech-movenew-p1	MicroRoboTech	ip_rating	value_text	"IP67"
144	2223	microrobotech-movenew-p1	MicroRoboTech	ip_rating	caveat_wording	"Wheel Protection Rating IP68"
145	2223	microrobotech-movenew-p1	MicroRoboTech	battery_wh	caveat_wording	"Hot-swappable 3.2kWh NMC battery (Supply voltage: 72V)"
146	2223	microrobotech-movenew-p1	MicroRoboTech	hot_swap	caveat_wording	"Hot-swappable"
147	2223	microrobotech-movenew-p1	MicroRoboTech	charging_time	caveat	"Label 'Charging Time'."
148	2223	microrobotech-movenew-p1	MicroRoboTech	charging_time	caveat_wording	"Charging Time: 1.5h"
149	2223	microrobotech-movenew-p1	MicroRoboTech	lidar	value_text	"96-line automotive-grade LiDAR (supports up to 3 units)"
150	2223	microrobotech-movenew-p1	MicroRoboTech	compute	value_text	"Supports up to 2000 TOPS"
151	2223	microrobotech-movenew-p1	MicroRoboTech	compute	caveat_wording	"Supports 2000 tops"
152	2223	microrobotech-movenew-p1	MicroRoboTech	mounting_interface	caveat_wording	"Expansion Rails"
153	2224	microrobotech-movenew-t1	MicroRoboTech	speed	caveat_wording	"Max Moving Speed: 18 km/h"
154	2224	microrobotech-movenew-t1	MicroRoboTech	stair_step_continuous	caveat_wording	"Stair Climbing Capability: Max step height 25cm"
155	2224	microrobotech-movenew-t1	MicroRoboTech	weight	caveat_wording	"Total Battery Weight: 40~50kg | 整机电池重量"
156	2224	microrobotech-movenew-t1	MicroRoboTech	mounting_interface	caveat_wording	"Top Mount Expansion | Undercarriage Expansion"
157	2224	microrobotech-movenew-t1	MicroRoboTech	docking_station	caveat_wording	"Charging Station: Fast Charge | 充电桩 | 快充"
158	2224	microrobotech-movenew-t1	MicroRoboTech	length	caveat_wording	"Standing Dimensions: 800mm × 600mm × 540mm"
159	2224	microrobotech-movenew-t1	MicroRoboTech	degrees_of_freedom	caveat_wording	"High-Performance Motors: 16 units"
160	2224	microrobotech-movenew-t1	MicroRoboTech	payload_walking	caveat	"Label 'Continuous Walking Load'."
161	2224	microrobotech-movenew-t1	MicroRoboTech	payload_walking	caveat_wording	"Continuous Walking Load: 50kg"
162	2224	microrobotech-movenew-t1	MicroRoboTech	payload_standing	caveat	"Label 'Max Standing Load'."
163	2224	microrobotech-movenew-t1	MicroRoboTech	payload_standing	caveat_wording	"Max Standing Load: 100kg"
164	2224	microrobotech-movenew-t1	MicroRoboTech	slope	caveat_wording	"Slope Capability: ≤45°"
165	2224	microrobotech-movenew-t1	MicroRoboTech	obstacle_single	caveat	"Label 'Step Negotiation'."
166	2224	microrobotech-movenew-t1	MicroRoboTech	obstacle_single	caveat_wording	"Step Negotiation: Forward climbing up/down 40cm steps"
167	2224	microrobotech-movenew-t1	MicroRoboTech	ip_rating	value_text	"IP68"
168	2224	microrobotech-movenew-t1	MicroRoboTech	battery_wh	caveat_wording	"Battery Capacity: 3.5/4.5 kwh, Supply Voltage 72V"
169	2224	microrobotech-movenew-t1	MicroRoboTech	runtime	caveat_wording	"Max Endurance Time: ≤12h"
170	2224	microrobotech-movenew-t1	MicroRoboTech	lidar	value_text	"Onboard LiDAR (model not disclosed)"
171	2224	microrobotech-movenew-t1	MicroRoboTech	lidar	caveat_wording	"Onboard LiDAR"
172	2224	microrobotech-movenew-t1	MicroRoboTech	cameras	value_text	"HD Depth Camera, 360° Panoramic Vision, Ultrasonic Radar"
173	2224	microrobotech-movenew-t1	MicroRoboTech	cameras	caveat_wording	"HD Depth Camera | 360° Panoramic Vision | Ultrasonic Radar"
174	2224	microrobotech-movenew-t1	MicroRoboTech	compute	value_text	"Jetson Orin NX Super + RK3588, 181 TOPS"
175	2225	neura-quadruped	NEURA Robotics	stair_step_continuous	caveat_wording	"Step Height | 15 cm | 5.9 in"
176	2225	neura-quadruped	NEURA Robotics	weight	caveat_wording	"Weight | 60 kg | 132 lbs"
177	2225	neura-quadruped	NEURA Robotics	height	caveat	"'Height: 620 mm / 24.4 in' (see caveat_wording)."
178	2225	neura-quadruped	NEURA Robotics	height	caveat_wording	"Height | 620 mm | 24.4 in"
179	2225	neura-quadruped	NEURA Robotics	payload_walking	caveat_wording	"Payload | 22 kg | 48.5 lbs"
180	2225	neura-quadruped	NEURA Robotics	speed	caveat	"'Speed: 12 km/h / 7.5 mph' (see caveat_wording)."
181	2225	neura-quadruped	NEURA Robotics	speed	caveat_wording	"Speed | 12 km/h | 7.5 mph"
182	2225	neura-quadruped	NEURA Robotics	runtime	caveat_wording	"Battery Life (h) | 6"
183	2226	pudu-d5	Pudu Robotics	ip_rating	value_text	"IP67"
184	2226	pudu-d5	Pudu Robotics	compute	value_text	"NVIDIA Jetson Orin AGX 64GB + RK3588, op til 275 TOPS"
185	2227	pudu-d5-w	Pudu Robotics	ip_rating	value_text	"IP67"
186	2227	pudu-d5-w	Pudu Robotics	width	caveat	"UNCERTAIN ASSIGNMENT — see length."
187	2227	pudu-d5-w	Pudu Robotics	height	caveat	"UNCERTAIN ASSIGNMENT — see length."
188	2227	pudu-d5-w	Pudu Robotics	compute	value_text	"NVIDIA Jetson Orin AGX 64GB + RK3588, op til 275 TOPS"
189	2228	rainbow-robotics-rbq-10	Rainbow Robotics	weight	caveat_wording	"Weight (with battery)"
190	2228	rainbow-robotics-rbq-10	Rainbow Robotics	charging_time	caveat_wording	"1h (20 to 80%)"
191	2228	rainbow-robotics-rbq-10	Rainbow Robotics	slope	caveat_wording	"Longitudinal slope: 45% Lateral slope: 20%"
192	2228	rainbow-robotics-rbq-10	Rainbow Robotics	docking_station	caveat_wording	"Wireless Charging Station"
193	2228	rainbow-robotics-rbq-10	Rainbow Robotics	data_ports	caveat	"Radio: WiFi / LTE (optional) (see caveat_wording)."
194	2228	rainbow-robotics-rbq-10	Rainbow Robotics	data_ports	caveat_wording	"Wi-Fi / LTE (optional)"
195	2228	rainbow-robotics-rbq-10	Rainbow Robotics	stair_step_continuous	caveat_wording	"Stairs and steps: up to 25 cm | step height 20 cm"
196	2228	rainbow-robotics-rbq-10	Rainbow Robotics	ip_rating	value_text	"IP54"
197	2228	rainbow-robotics-rbq-10	Rainbow Robotics	runtime	caveat_wording	"2 hours (up to 4 hours)"
198	2228	rainbow-robotics-rbq-10	Rainbow Robotics	hot_swap	caveat_wording	"Swappable / Separate charging / Automatic charging support"
199	2228	rainbow-robotics-rbq-10	Rainbow Robotics	lidar	caveat_wording	"3D LiDAR (optional)"
200	2228	rainbow-robotics-rbq-10	Rainbow Robotics	compute	caveat	"Not in the specification table."
201	2228	rainbow-robotics-rbq-10	Rainbow Robotics	mounting_interface	value_text	"Top rail (slot) + spring nuts"
202	2228	rainbow-robotics-rbq-10	Rainbow Robotics	power_output	value_text	"54 V; 12 V"
203	2229	raion-robotics-raibo2	Raion Robotics	runtime	caveat_wording	"up to 8 hours of continuous operation"
204	2229	raion-robotics-raibo2	Raion Robotics	speed	caveat_wording	"can reach speeds of up to 6 m/s"
205	2231	unitree-a1	Unitree Robotics	compute	caveat	"No model given."
206	2231	unitree-a1	Unitree Robotics	payload_walking	caveat_wording	"5 kg | Effective Load"
207	2231	unitree-a1	Unitree Robotics	power_output	value_text	"5 V; 12 V; 19 V ud (24 V ind)"
208	2231	unitree-a1	Unitree Robotics	speed	caveat_wording	"Maximum continuous running speed 3.3m/s (11.88km/h)."
209	2231	unitree-a1	Unitree Robotics	runtime	caveat	"Given without a load condition."
210	2231	unitree-a1	Unitree Robotics	runtime	caveat_wording	"1-2.5 h | Endurance"
211	2231	unitree-a1	Unitree Robotics	lidar	caveat	"Optional, no model given."
212	2231	unitree-a1	Unitree Robotics	lidar	caveat_wording	"Optional High-precision Lidar"
213	2231	unitree-a1	Unitree Robotics	sdk_languages	caveat	"No language given."
214	2231	unitree-a1	Unitree Robotics	sdk_languages	caveat_wording	"Secondary Development（Up level, bottom level real-time API）"
215	2232	unitree-a2	Unitree Robotics	speed	caveat_wording	"Speed 0–3.7 m/s (Up to ~5 m/s)"
216	2232	unitree-a2	Unitree Robotics	sdk_languages	caveat_wording	"Secondary Development Supported"
217	2232	unitree-a2	Unitree Robotics	hot_swap	caveat	"Marketed as hot-swap."
218	2232	unitree-a2	Unitree Robotics	height	caveat_wording	"720mm x 550mm x 220mm"
219	2232	unitree-a2	Unitree Robotics	payload_walking	caveat	"The manufacturer adds an ideal figure of about 35 kg."
220	2232	unitree-a2	Unitree Robotics	obstacle_single	caveat_wording	"Max Climb Height About 0.5～1m"
221	2232	unitree-a2	Unitree Robotics	stair_step_continuous	caveat	"Label: Stair Climbing Capability, Max Step Height."
222	2232	unitree-a2	Unitree Robotics	stair_step_continuous	caveat_wording	"Stair Climbing Capability Max Step Height: 30cm"
223	2232	unitree-a2	Unitree Robotics	ip_rating	value_text	"IP56"
224	2232	unitree-a2	Unitree Robotics	lidar	caveat_wording	"LiDAR × 1 + HD Camera × 1 | LiDAR × 2 + HD Camera × 1"
225	2232	unitree-a2	Unitree Robotics	cameras	value_text	"HD-kamera x1"
226	2232	unitree-a2	Unitree Robotics	compute	value_text	"8-kernet CPU + Intel Core i7; tilvalg udvidelsesdok"
227	2232	unitree-a2	Unitree Robotics	power_output	value_text	"12 V / 24 V / BAT"
228	2232	unitree-a2	Unitree Robotics	power_output	caveat	"Voltage given, wattage not."
229	2232	unitree-a2	Unitree Robotics	power_output	caveat_wording	"Power Output：12V / 24V / BAT"
230	2233	unitree-a2-w	Unitree Robotics	speed	caveat_wording	"Speed 0–3 m/s (Up to ~ 6 m/s)"
231	2233	unitree-a2-w	Unitree Robotics	weight	caveat	"Includes battery. Without the battery, about 45 kg."
232	2233	unitree-a2-w	Unitree Robotics	height	caveat_wording	"930mm x 685mm x 210mm"
233	2233	unitree-a2-w	Unitree Robotics	obstacle_single	caveat	"Label: Max Climb Height."
234	2233	unitree-a2-w	Unitree Robotics	obstacle_single	caveat_wording	"Max Climb Height About 0.5～1m"
235	2233	unitree-a2-w	Unitree Robotics	ip_rating	value_text	"IP56"
236	2233	unitree-a2-w	Unitree Robotics	hot_swap	caveat	"Dual slots, dual batteries."
237	2233	unitree-a2-w	Unitree Robotics	hot_swap	caveat_wording	"Dual slots, dual batteries"
238	2233	unitree-a2-w	Unitree Robotics	lidar	caveat_wording	"LiDAR × 1 + HD Camera × 1 | LiDAR × 2 + HD Camera × 1"
239	2233	unitree-a2-w	Unitree Robotics	cameras	value_text	"HD-kamera x1"
240	2233	unitree-a2-w	Unitree Robotics	compute	value_text	"8-kernet CPU + Intel Core i7; tilvalg udvidelsesdok"
241	2233	unitree-a2-w	Unitree Robotics	power_output	value_text	"12 V / 24 V / BAT"
242	2234	unitree-aliengo	Unitree Robotics	weight	caveat_wording	"Weight (without battery) | 21.5kg ±1kg"
243	2234	unitree-aliengo	Unitree Robotics	lidar	caveat	"Single or multi-line, optional — no model given."
244	2234	unitree-aliengo	Unitree Robotics	lidar	caveat_wording	"Lidar: Single or Multi-line (optional)"
245	2234	unitree-aliengo	Unitree Robotics	slope	caveat_wording	"Climbing Angle | ≤25°"
246	2234	unitree-aliengo	Unitree Robotics	ros2	caveat_wording	"supports C/C++, ROS, etc. | Environment Sensing：Ubuntu-ROS"
247	2234	unitree-aliengo	Unitree Robotics	height	caveat_wording	"Length*Width*Height（fold）"
248	2234	unitree-aliengo	Unitree Robotics	degrees_of_freedom	caveat	"Explicit heading: Degrees of Freedom (number of motors)."
249	2234	unitree-aliengo	Unitree Robotics	degrees_of_freedom	caveat_wording	"Degrees of Freedom (number of motors)"
250	2234	unitree-aliengo	Unitree Robotics	payload_walking	caveat_wording	"Load | 13kg"
251	2234	unitree-aliengo	Unitree Robotics	obstacle_single	caveat_wording	"Up and down steps, slopes, stairs"
252	2234	unitree-aliengo	Unitree Robotics	ip_rating	caveat_wording	"Integrated Advanced Level of Protection"
253	2234	unitree-aliengo	Unitree Robotics	battery_wh	caveat_wording	"Battery Capacity | 12600mAh"
254	2234	unitree-aliengo	Unitree Robotics	runtime	caveat	"Given without a load condition."
255	2234	unitree-aliengo	Unitree Robotics	runtime	caveat_wording	"2.5-4.6h"
256	2234	unitree-aliengo	Unitree Robotics	compute	caveat	"The page states onboard PC, no model given."
257	2234	unitree-aliengo	Unitree Robotics	power_output	value_text	"5 V; 12 V; 19 V; BAT (24~30 V)"
258	2234	unitree-aliengo	Unitree Robotics	power_output	caveat	"Voltage given, wattage not."
259	2234	unitree-aliengo	Unitree Robotics	power_output	caveat_wording	"Output Power | 5V、12V、19V、BAT(24V~30V)"
260	2235	unitree-as2	Unitree Robotics	sdk_languages	caveat_wording	"Secondary Development Not Supported"
261	2235	unitree-as2	Unitree Robotics	height	caveat_wording	"Size (Lying Prone) 776mm x 378mm x 233mm"
262	2235	unitree-as2	Unitree Robotics	battery_wh	caveat_wording	"Powered by a 648Wh (15,000mAh) high-capacity battery."
263	2235	unitree-as2	Unitree Robotics	docking_station	caveat	"Only EDU has a charging dock. The value here is AIR/PRO/X."
264	2235	unitree-as2	Unitree Robotics	docking_station	caveat_wording	"Charging Dock /"
265	2235	unitree-as2	Unitree Robotics	payload_walking	caveat_wording	"Continuous Walking Load Approx. 10kg"
266	2235	unitree-as2	Unitree Robotics	slope	caveat	"The AIR variant value."
267	2235	unitree-as2	Unitree Robotics	slope	caveat_wording	"Slope Walking Capability Approx. 30 °"
268	2235	unitree-as2	Unitree Robotics	payload_standing	caveat	"The AIR variant value. The span is 45-65 kg."
269	2235	unitree-as2	Unitree Robotics	payload_standing	caveat_wording	"Max Standing Load Approx. 45kg"
270	2235	unitree-as2	Unitree Robotics	speed	caveat	"The AIR variant value."
271	2235	unitree-as2	Unitree Robotics	speed	caveat_wording	"Speed 0~3.0m/s"
272	2235	unitree-as2	Unitree Robotics	stair_step_continuous	caveat	"The AIR variant value."
273	2235	unitree-as2	Unitree Robotics	stair_step_continuous	caveat_wording	"Stair Climbing Capability 20cm"
274	2235	unitree-as2	Unitree Robotics	ip_rating	caveat_wording	"Protection Rating /"
275	2235	unitree-as2	Unitree Robotics	temperature_max	caveat	"The AIR/PRO variant value."
276	2235	unitree-as2	Unitree Robotics	temperature_max	caveat_wording	"Operating Temperature -20℃ ～ 50℃"
277	2235	unitree-as2	Unitree Robotics	runtime	caveat	"The AIR variant's loaded figure."
278	2235	unitree-as2	Unitree Robotics	charging_time	caveat_wording	"Charger Standard (50.4V 4A) | Fast Charging (50.4V 7.4A)"
279	2235	unitree-as2	Unitree Robotics	lidar	value_text	"Unitree L2"
280	2235	unitree-as2	Unitree Robotics	lidar	caveat_wording	"Ultra-Wide-Angle LiDAR Unitree L2"
281	2235	unitree-as2	Unitree Robotics	cameras	value_text	"HD-kamera"
282	2235	unitree-as2	Unitree Robotics	compute	value_text	"8-kernet CPU"
283	2235	unitree-as2	Unitree Robotics	power_output	caveat	"Only BAT is mentioned, no voltage."
284	2235	unitree-as2	Unitree Robotics	power_output	caveat_wording	"Power Output：BAT"
285	2235	unitree-as2	Unitree Robotics	price	caveat	"Contact Sales on all four variants."
286	2235	unitree-as2	Unitree Robotics	price	caveat_wording	"Contact Sales"
287	2236	unitree-as2-w	Unitree Robotics	weight	caveat	"Includes battery."
288	2236	unitree-as2-w	Unitree Robotics	weight	caveat_wording	"Weight (with Battery) | Approx. 25 kg"
289	2236	unitree-as2-w	Unitree Robotics	power_output	caveat	"Only BAT, no voltage."
290	2236	unitree-as2-w	Unitree Robotics	power_output	caveat_wording	"Power Output：BAT"
291	2236	unitree-as2-w	Unitree Robotics	payload_standing	caveat_wording	"Max Standing Load Approx. 150kg"
292	2236	unitree-as2-w	Unitree Robotics	height	caveat_wording	"768mm x 602mm x 211mm"
293	2236	unitree-as2-w	Unitree Robotics	speed	caveat	"Spike up to about 6 m/s."
294	2236	unitree-as2-w	Unitree Robotics	speed	caveat_wording	"Speed 0~3.7m/s (Max Approx. 6m/s)"
295	2236	unitree-as2-w	Unitree Robotics	ip_rating	value_text	"IP54"
296	2236	unitree-as2-w	Unitree Robotics	docking_station	caveat	"The X variant value."
297	2236	unitree-as2-w	Unitree Robotics	docking_station	caveat_wording	"Charging Dock /"
298	2236	unitree-as2-w	Unitree Robotics	lidar	caveat_wording	"Ultra-Wide-Angle LiDAR Industrial-grade 64~128-line LiDAR"
299	2236	unitree-as2-w	Unitree Robotics	cameras	value_text	"HD-kamera"
300	2236	unitree-as2-w	Unitree Robotics	compute	value_text	"8-kernet CPU"
301	2237	unitree-b1	Unitree Robotics	ip_rating	value_text	"IP68"
302	2237	unitree-b1	Unitree Robotics	ip_rating	caveat_wording	"IP68 Waterproof, Industrial Level Heavy Loader"
303	2237	unitree-b1	Unitree Robotics	height	caveat_wording	"Length*Width*Height(fold) | 1202*467*297mm"
304	2237	unitree-b1	Unitree Robotics	cameras	value_text	"Intel RealSense D430 x5"
305	2237	unitree-b1	Unitree Robotics	cameras	caveat	"Model given — rare in this material."
306	2237	unitree-b1	Unitree Robotics	cameras	caveat_wording	"Sensing Sensor Intel RealSense D430*5"
307	2237	unitree-b1	Unitree Robotics	payload_standing	caveat	"No operator."
308	2237	unitree-b1	Unitree Robotics	payload_standing	caveat_wording	"Maximum standing load 80kg"
309	2237	unitree-b1	Unitree Robotics	temperature_min	caveat_wording	"Working Temperature | Battery | -5℃ - 45℃"
310	2237	unitree-b1	Unitree Robotics	temperature_max	caveat	"See temperature_min — only the battery range is stated."
311	2237	unitree-b1	Unitree Robotics	temperature_max	caveat_wording	"Working Temperature | Battery | -5℃ - 45℃"
312	2237	unitree-b1	Unitree Robotics	charging_time	caveat_wording	"Charge Time 1-2h"
313	2237	unitree-b1	Unitree Robotics	compute	value_text	"Intel i5-1135G7 + NVIDIA Xavier NX x3"
314	2237	unitree-b1	Unitree Robotics	power_output	value_text	"12 V / 24 V"
315	2237	unitree-b1	Unitree Robotics	power_output	caveat	"Voltage given, wattage not."
316	2237	unitree-b1	Unitree Robotics	power_output	caveat_wording	"Standard Output power:12V/24V"
317	2238	unitree-b2	Unitree Robotics	hot_swap	caveat	"The manufacturer states battery supports quick change."
318	2238	unitree-b2	Unitree Robotics	weight	caveat_wording	"≈ 60kg Total weight (battery included)"
319	2238	unitree-b2	Unitree Robotics	battery_wh	caveat_wording	"Battery capacity 45Ah(2250Wh)，voltage 58V"
320	2238	unitree-b2	Unitree Robotics	lidar	caveat_wording	"3D LiDAR ×1"
321	2238	unitree-b2	Unitree Robotics	height	caveat_wording	"≈ 880mm×460mm×330mm"
322	2238	unitree-b2	Unitree Robotics	payload_standing	caveat_wording	"Standing load ≥120kg"
323	2238	unitree-b2	Unitree Robotics	stair_step_continuous	caveat	"Range kept. 20~25 cm is not 22.5 cm."
324	2238	unitree-b2	Unitree Robotics	stair_step_continuous	caveat_wording	"Stairs of 20~25cm"
325	2238	unitree-b2	Unitree Robotics	ip_rating	value_text	"IP67"
326	2238	unitree-b2	Unitree Robotics	docking_station	caveat_wording	"also supports autonomous charging solutions(optional)"
327	2238	unitree-b2	Unitree Robotics	cameras	value_text	"dybdekamera x2 + optisk kamera x2"
328	2238	unitree-b2	Unitree Robotics	power_output	value_text	"12 V x4; 5 V x1; 24 V x4; BAT x1"
329	2238	unitree-b2	Unitree Robotics	power_output	caveat_wording	"12V×4 5V×1 24V×4 BAT×1"
330	2239	unitree-b2-w	Unitree Robotics	weight	caveat	"Includes battery."
331	2239	unitree-b2-w	Unitree Robotics	weight	caveat_wording	"≈85kg Total weight (battery included)"
332	2239	unitree-b2-w	Unitree Robotics	height	caveat_wording	"≈ 950mm×550mm×450mm"
333	2239	unitree-b2-w	Unitree Robotics	payload_standing	caveat_wording	"Maximum Load(Standing) 120kg"
334	2239	unitree-b2-w	Unitree Robotics	ip_rating	value_text	"IP67"
335	2239	unitree-b2-w	Unitree Robotics	battery_wh	caveat_wording	"＞2kwh，voltage 58V"
336	2239	unitree-b2-w	Unitree Robotics	compute	value_text	"Intel Core i5 / i7; tilvalg i7 eller NVIDIA Orin NX"
337	2240	unitree-go1	Unitree Robotics	sdk_languages	caveat_wording	"Python Programming | Interface"
338	2240	unitree-go1	Unitree Robotics	compute	value_text	"1x (4 x 1.43 GHz, 128 cores, 0.5 T)"
339	2240	unitree-go1	Unitree Robotics	compute	caveat	"The Air variant value."
340	2240	unitree-go1	Unitree Robotics	compute	caveat_wording	"Sensing Calculation | 1*（4*1.43GHz | 128Core0.5T）"
341	2240	unitree-go1	Unitree Robotics	degrees_of_freedom	caveat_wording	"Silver alloy | precision joint motor | 12 piece"
342	2240	unitree-go1	Unitree Robotics	payload_walking	caveat_wording	"Load ≈4kg（limit ~ 10kg）"
343	2240	unitree-go1	Unitree Robotics	speed	caveat	"The Air variant value."
344	2240	unitree-go1	Unitree Robotics	speed	caveat_wording	"Motion Speed 0 ~ 2.5m/s"
345	2240	unitree-go1	Unitree Robotics	lidar	caveat	"Radar: 2D or 3D, optional — type without model."
346	2240	unitree-go1	Unitree Robotics	lidar	caveat_wording	"Radar ○ | 2D or 3D optional"
347	2240	unitree-go1	Unitree Robotics	cameras	value_text	"1 pair fisheye binocular depth camera"
348	2240	unitree-go1	Unitree Robotics	cameras	caveat	"The Air variant value."
349	2240	unitree-go1	Unitree Robotics	price	caveat_wording	"Price（Tax and freight excluded） $2700"
350	2241	unitree-go2	Unitree Robotics	height	caveat_wording	"Dimension of crouching 76cm x 31cm x 20cm"
351	2241	unitree-go2	Unitree Robotics	price	caveat_wording	"Price（Tax and freight excluded） $1600"
352	2241	unitree-go2	Unitree Robotics	degrees_of_freedom	caveat_wording	"Aluminum knee joint motor | 12 set"
353	2241	unitree-go2	Unitree Robotics	slope	caveat	"The AIR variant value."
354	2241	unitree-go2	Unitree Robotics	slope	caveat_wording	"Max Climb Angle 30°"
355	2241	unitree-go2	Unitree Robotics	lidar	value_text	"4D LiDAR L2"
356	2241	unitree-go2	Unitree Robotics	lidar	caveat_wording	"Super Recognition System 4D LiDAR L2"
357	2241	unitree-go2	Unitree Robotics	obstacle_single	caveat_wording	"Max Climb Drop Height About 15cm"
358	2241	unitree-go2	Unitree Robotics	weight	caveat	"Includes battery."
359	2241	unitree-go2	Unitree Robotics	weight	caveat_wording	"Weight (with battery) About 15kg"
360	2241	unitree-go2	Unitree Robotics	payload_walking	caveat_wording	"Payload ≈7kg"
361	2241	unitree-go2	Unitree Robotics	speed	caveat	"The AIR variant value."
362	2241	unitree-go2	Unitree Robotics	speed	caveat_wording	"Speed 0 ~ 2.5m/s"
363	2241	unitree-go2	Unitree Robotics	runtime	caveat_wording	"Battery life About 1-2h"
364	2241	unitree-go2	Unitree Robotics	docking_station	caveat	"The value is AIR/PRO."
365	2241	unitree-go2	Unitree Robotics	docking_station	caveat_wording	"Charging Pile Compatibility ○"
366	2241	unitree-go2	Unitree Robotics	cameras	value_text	"HD vidvinkel"
367	2241	unitree-go2	Unitree Robotics	compute	value_text	"8-kernet CPU"
368	2241	unitree-go2	Unitree Robotics	compute	caveat_wording	"Basic Computing Power ○ | 8-core High-performance CPU"
369	2242	unitree-go2-w	Unitree Robotics	battery_wh	caveat	"15000 mAh, 33.6 V. Wh is not printed and is not derived."
370	2242	unitree-go2-w	Unitree Robotics	battery_wh	caveat_wording	"Voltage 33.6V | Long endurance（15000mAh）"
371	2242	unitree-go2-w	Unitree Robotics	runtime	caveat_wording	"Endurance 1.5-3h"
372	2242	unitree-go2-w	Unitree Robotics	lidar	caveat_wording	"Super-wide-angle 3D LIDAR"
373	2242	unitree-go2-w	Unitree Robotics	cameras	value_text	"HD vidvinkel"
374	2242	unitree-go2-w	Unitree Robotics	compute	value_text	"8-kernet CPU; udvidelsesmodul NVIDIA Orin NX m.fl."
375	2242	unitree-go2-w	Unitree Robotics	obstacle_single	caveat_wording	"Max Climb Drop Height ＜ 70cm"
376	2242	unitree-go2-w	Unitree Robotics	degrees_of_freedom	caveat_wording	"Aluminum knee joint motor | 16"
377	2242	unitree-go2-w	Unitree Robotics	payload_walking	caveat_wording	"Payload ≈8kg（MAX ~ 12kg）"
378	2244	weilan-alphadog-c500	WEILAN	compute	value_text	"ARM 64-bit CPU; 32 GB lager"
379	2245	weilan-alphadog-c501	WEILAN	autonomy_level	value_text	"ja"
380	2245	weilan-alphadog-c501	WEILAN	compute	value_text	"ARM 64-bit CPU; 32 GB lager"
381	2251	yobotics-e-dog	Shandong Youbaote Intelligent Robot	weight	caveat	"15 kg +/- 0,5 kg."
382	2251	yobotics-e-dog	Shandong Youbaote Intelligent Robot	width	caveat	"Tolerance +/- 10 mm."
383	2251	yobotics-e-dog	Shandong Youbaote Intelligent Robot	height	caveat	"Tolerance +/- 10 mm."
384	2251	yobotics-e-dog	Shandong Youbaote Intelligent Robot	degrees_of_freedom	caveat	"Peak torque per joint is stated as 48 Nm."
385	2253	yobotics-y20	Shandong Youbaote Intelligent Robot	weight	caveat	"Includes the battery."
386	2253	yobotics-y20	Shandong Youbaote Intelligent Robot	weight	caveat_wording	"含电池"
387	2253	yobotics-y20	Shandong Youbaote Intelligent Robot	payload_standing	caveat	"The manufacturer's own label is STANDING load, max. 150 kg."
388	2253	yobotics-y20	Shandong Youbaote Intelligent Robot	speed	caveat	"The manufacturer states max. 4 m/s."
389	2253	yobotics-y20	Shandong Youbaote Intelligent Robot	slope	caveat	"Label: climbing slope angle, max. 40°."
390	2253	yobotics-y20	Shandong Youbaote Intelligent Robot	ip_rating	value_text	"IP54"
391	2253	yobotics-y20	Shandong Youbaote Intelligent Robot	docking_station	caveat	"Ladestander, tilvalg."
392	2253	yobotics-y20	Shandong Youbaote Intelligent Robot	compute	value_text	"Upboard x1: Intel Atom x5-Z8350, op til 1,92 GHz"
